timeOfCompletion(s),numberOfSteps,gait_speed(m/s),avg_step_length(m),cadance
7.3559999999997672,11,0.54377379010333426,0.36363636363636365,2.75
